filename,source,category,original_width,original_height,original_format,processed_width,processed_height,processed_format,bbox_x,bbox_y,bbox_w,bbox_h,mask_area_fraction,qc_flag,bg_level_before,bg_level_after
die1_0003.png,"set2 (jai), synthetic (rendered by generator script)",1,128,128,.png,224,224,.png,2,-7,138,138,0.404236,ok,81.0,200.0
die1_0005.png,"set2 (jai), synthetic (rendered by generator script)",1,128,128,.png,224,224,.png,14,13,124,124,0.478455,ok,187.0,200.0
die1_0007.png,"set2 (jai), synthetic (rendered by generator script)",1,128,128,.png,224,224,.png,1,-8,142,142,0.456421,ok,70.0,200.0
die1_0011.png,"set2 (jai), synthetic (rendered by generator script)",1,128,128,.png,224,224,.png,-8,-17,144,144,0.455688,bbox_touches_border,227.0,200.0
die1_0016.png,"set2 (jai), synthetic (rendered by generator script)",1,128,128,.png,224,224,.png,-12,1,126,126,0.477539,ok,148.0,200.0
die1_0017.png,"set2 (jai), synthetic (rendered by generator script)",1,128,128,.png,224,224,.png,-7,-20,147,147,0.474915,bbox_touches_border,116.0,200.0
die1_0029.png,"set2 (jai), synthetic (rendered by generator script)",1,128,128,.png,224,224,.png,15,7,109,109,0.329346,ok,182.0,200.0
die1_0039.png,"set2 (jai), synthetic (rendered by generator script)",1,128,128,.png,224,224,.png,-6,-7,143,143,0.444641,ok,178.0,200.0
die1_0041.png,"set2 (jai), synthetic (rendered by generator script)",1,128,128,.png,224,224,.png,-4,12,110,110,0.322021,ok,117.0,200.0
die1_0043.png,"set2 (jai), synthetic (rendered by generator script)",1,128,128,.png,224,224,.png,9,7,121,121,0.417847,ok,169.0,200.0
die1_0046.png,"set2 (jai), synthetic (rendered by generator script)",1,128,128,.png,224,224,.png,11,8,104,104,0.30542,ok,93.0,200.0
die1_0048.png,"set2 (jai), synthetic (rendered by generator script)",1,128,128,.png,224,224,.png,13,8,109,109,0.312378,ok,92.0,200.0
die1_0049.png,"set2 (jai), synthetic (rendered by generator script)",1,128,128,.png,224,224,.png,6,2,134,134,0.478943,ok,125.0,200.0
die1_0052.png,"set2 (jai), synthetic (rendered by generator script)",1,128,128,.png,224,224,.png,11,10,105,105,0.303467,ok,207.0,200.0
die1_0053.png,"set2 (jai), synthetic (rendered by generator script)",1,128,128,.png,224,224,.png,0,0,139,139,0.471069,ok,80.0,200.0
die1_0055.png,"set2 (jai), synthetic (rendered by generator script)",1,128,128,.png,224,224,.png,3,-9,138,138,0.460327,ok,139.0,200.0
die1_0057.png,"set2 (jai), synthetic (rendered by generator script)",1,128,128,.png,224,224,.png,9,2,105,105,0.320007,ok,138.0,200.0
die1_0059.png,"set2 (jai), synthetic (rendered by generator script)",1,128,128,.png,224,224,.png,-3,-3,138,138,0.406677,ok,143.0,200.0
die1_0061.png,"set2 (jai), synthetic (rendered by generator script)",1,128,128,.png,224,224,.png,4,5,139,139,0.449951,bbox_touches_border,123.0,200.0
die1_0065.png,"set2 (jai), synthetic (rendered by generator script)",1,128,128,.png,224,224,.png,-6,-11,142,142,0.443176,ok,103.0,200.0
die2_0000.png,"set2 (jai), synthetic (rendered by generator script)",2,128,128,.png,224,224,.png,2,-4,129,129,0.377197,ok,120.0,200.0
die2_0005.png,"set2 (jai), synthetic (rendered by generator script)",2,128,128,.png,224,224,.png,-17,-3,144,144,0.455627,bbox_touches_border,119.0,200.0
die2_0007.png,"set2 (jai), synthetic (rendered by generator script)",2,128,128,.png,224,224,.png,-7,0,126,126,0.378662,ok,162.0,200.0
die2_0008.png,"set2 (jai), synthetic (rendered by generator script)",2,128,128,.png,224,224,.png,-3,-11,135,135,0.454956,ok,152.0,200.0
die2_0017.png,"set2 (jai), synthetic (rendered by generator script)",2,128,128,.png,224,224,.png,24,4,103,103,0.336426,ok,105.0,200.0
die2_0021.png,"set2 (jai), synthetic (rendered by generator script)",2,128,128,.png,224,224,.png,19,21,110,110,0.325806,ok,116.0,200.0
die2_0027.png,"set2 (jai), synthetic (rendered by generator script)",2,128,128,.png,224,224,.png,3,0,135,135,0.394409,ok,147.0,200.0
die2_0039.png,"set2 (jai), synthetic (rendered by generator script)",2,128,128,.png,224,224,.png,23,11,86,86,0.26001,ok,81.0,200.0
die2_0040.png,"set2 (jai), synthetic (rendered by generator script)",2,128,128,.png,224,224,.png,-9,-4,139,139,0.453979,ok,158.0,200.0
die2_0041.png,"set2 (jai), synthetic (rendered by generator script)",2,128,128,.png,224,224,.png,16,9,110,110,0.370728,ok,79.0,200.0
die2_0052.png,"set2 (jai), synthetic (rendered by generator script)",2,128,128,.png,224,224,.png,-5,7,118,118,0.332581,ok,116.0,200.0
die2_0066.png,"set2 (jai), synthetic (rendered by generator script)",2,128,128,.png,224,224,.png,3,5,110,110,0.338257,ok,170.0,200.0
die2_0074.png,"set2 (jai), synthetic (rendered by generator script)",2,128,128,.png,224,224,.png,-17,-2,148,148,0.505066,bbox_touches_border,92.0,200.0
die2_0084.png,"set2 (jai), synthetic (rendered by generator script)",2,128,128,.png,224,224,.png,-6,-5,122,122,0.320129,ok,121.0,200.0
die2_0098.png,"set2 (jai), synthetic (rendered by generator script)",2,128,128,.png,224,224,.png,3,6,114,114,0.3479,ok,120.0,200.0
die2_0105.png,"set2 (jai), synthetic (rendered by generator script)",2,128,128,.png,224,224,.png,13,24,107,107,0.329712,ok,102.0,200.0
die2_0106.png,"set2 (jai), synthetic (rendered by generator script)",2,128,128,.png,224,224,.png,-12,-10,126,126,0.47699,ok,160.0,200.0
die2_0107.png,"set2 (jai), synthetic (rendered by generator script)",2,128,128,.png,224,224,.png,5,5,114,114,0.315369,ok,117.0,200.0
die2_0111.png,"set2 (jai), synthetic (rendered by generator script)",2,128,128,.png,224,224,.png,0,-7,130,130,0.412781,ok,74.0,200.0
die3_0005.png,"set2 (jai), synthetic (rendered by generator script)",3,128,128,.png,224,224,.png,24,6,107,107,0.317505,ok,142.0,200.0
die3_0011.png,"set2 (jai), synthetic (rendered by generator script)",3,128,128,.png,224,224,.png,-5,-13,131,131,0.379761,ok,126.0,200.0
die3_0015.png,"set2 (jai), synthetic (rendered by generator script)",3,128,128,.png,224,224,.png,6,-7,130,130,0.511353,ok,148.0,200.0
die3_0020.png,"set2 (jai), synthetic (rendered by generator script)",3,128,128,.png,224,224,.png,-3,-4,117,117,0.348633,ok,50.0,200.0
die3_0024.png,"set2 (jai), synthetic (rendered by generator script)",3,128,128,.png,224,224,.png,-7,-4,127,127,0.36438,ok,107.0,200.0
die3_0035.png,"set2 (jai), synthetic (rendered by generator script)",3,128,128,.png,224,224,.png,11,14,103,103,0.329468,ok,168.0,200.0
die3_0045.png,"set2 (jai), synthetic (rendered by generator script)",3,128,128,.png,224,224,.png,0,-12,143,143,0.439697,ok,67.0,200.0
die3_0048.png,"set2 (jai), synthetic (rendered by generator script)",3,128,128,.png,224,224,.png,9,7,105,105,0.301086,ok,182.0,200.0
die3_0053.png,"set2 (jai), synthetic (rendered by generator script)",3,128,128,.png,224,224,.png,9,-2,118,118,0.415833,ok,129.0,200.0
die3_0057.png,"set2 (jai), synthetic (rendered by generator script)",3,128,128,.png,224,224,.png,4,0,135,135,0.393494,ok,134.0,200.0
die3_0062.png,"set2 (jai), synthetic (rendered by generator script)",3,128,128,.png,224,224,.png,2,2,135,135,0.407837,ok,126.0,200.0
die3_0067.png,"set2 (jai), synthetic (rendered by generator script)",3,128,128,.png,224,224,.png,4,-15,140,140,0.47699,bbox_touches_border,135.0,200.0
die3_0075.png,"set2 (jai), synthetic (rendered by generator script)",3,128,128,.png,224,224,.png,8,-4,129,129,0.469055,ok,116.0,200.0
die3_0076.png,"set2 (jai), synthetic (rendered by generator script)",3,128,128,.png,224,224,.png,5,-9,125,125,0.348206,ok,118.0,200.0
die3_0080.png,"set2 (jai), synthetic (rendered by generator script)",3,128,128,.png,224,224,.png,-7,4,120,120,0.334839,ok,113.0,200.0
die3_0089.png,"set2 (jai), synthetic (rendered by generator script)",3,128,128,.png,224,224,.png,1,-1,135,135,0.395691,ok,109.0,200.0
die3_0093.png,"set2 (jai), synthetic (rendered by generator script)",3,128,128,.png,224,224,.png,-7,-4,152,152,0.521973,bbox_touches_border,190.0,200.0
die3_0096.png,"set2 (jai), synthetic (rendered by generator script)",3,128,128,.png,224,224,.png,-5,11,124,124,0.335999,ok,155.0,200.0
die3_0100.png,"set2 (jai), synthetic (rendered by generator script)",3,128,128,.png,224,224,.png,-2,-8,121,121,0.444458,ok,97.0,199.0
die3_0106.png,"set2 (jai), synthetic (rendered by generator script)",3,128,128,.png,224,224,.png,-2,-10,143,143,0.502563,ok,148.0,200.0
die4_0002.png,"set2 (jai), synthetic (rendered by generator script)",4,128,128,.png,224,224,.png,3,2,126,126,0.361145,ok,65.0,200.0
die4_0003.png,"set2 (jai), synthetic (rendered by generator script)",4,128,128,.png,224,224,.png,4,6,107,107,0.330566,ok,123.0,200.0
die4_0007.png,"set2 (jai), synthetic (rendered by generator script)",4,128,128,.png,224,224,.png,8,-4,130,130,0.375427,ok,182.0,200.0
die4_0010.png,"set2 (jai), synthetic (rendered by generator script)",4,128,128,.png,224,224,.png,-18,-3,140,140,0.474243,bbox_touches_border,121.0,200.0
die4_0016.png,"set2 (jai), synthetic (rendered by generator script)",4,128,128,.png,224,224,.png,-18,-15,152,152,0.519714,bbox_touches_border,79.0,200.0
die4_0049.png,"set2 (jai), synthetic (rendered by generator script)",4,128,128,.png,224,224,.png,-1,-16,139,139,0.454224,bbox_touches_border,77.0,200.0
die4_0078.png,"set2 (jai), synthetic (rendered by generator script)",4,128,128,.png,224,224,.png,-3,-18,152,152,0.498657,bbox_touches_border,132.0,200.0
die4_0096.png,"set2 (jai), synthetic (rendered by generator script)",4,128,128,.png,224,224,.png,-2,-4,143,143,0.444092,ok,146.0,200.0
die4_0142.png,"set2 (jai), synthetic (rendered by generator script)",4,128,128,.png,224,224,.png,8,4,118,118,0.325378,ok,108.0,200.0
die4_0176.png,"set2 (jai), synthetic (rendered by generator script)",4,128,128,.png,224,224,.png,5,-9,131,131,0.380493,ok,157.0,200.0
die4_0211.png,"set2 (jai), synthetic (rendered by generator script)",4,128,128,.png,224,224,.png,11,13,110,110,0.39325,ok,114.0,200.0
die4_0245.png,"set2 (jai), synthetic (rendered by generator script)",4,128,128,.png,224,224,.png,-1,-8,138,138,0.475403,ok,59.0,200.0
die4_0252.png,"set2 (jai), synthetic (rendered by generator script)",4,128,128,.png,224,224,.png,4,10,117,117,0.441345,ok,143.0,200.0
die4_0267.png,"set2 (jai), synthetic (rendered by generator script)",4,128,128,.png,224,224,.png,1,5,139,139,0.445618,bbox_touches_border,99.0,199.0
die4_0271.png,"set2 (jai), synthetic (rendered by generator script)",4,128,128,.png,224,224,.png,15,14,122,122,0.441956,ok,137.0,200.0
die4_0307.png,"set2 (jai), synthetic (rendered by generator script)",4,128,128,.png,224,224,.png,1,4,116,116,0.344543,ok,91.0,200.0
die4_0314.png,"set2 (jai), synthetic (rendered by generator script)",4,128,128,.png,224,224,.png,2,-2,143,143,0.512817,bbox_touches_border,57.0,200.0
die4_0324.png,"set2 (jai), synthetic (rendered by generator script)",4,128,128,.png,224,224,.png,-6,-4,139,139,0.454651,ok,120.0,200.0
die4_0332.png,"set2 (jai), synthetic (rendered by generator script)",4,128,128,.png,224,224,.png,6,17,122,122,0.327515,ok,93.0,200.0
die4_0367.png,"set2 (jai), synthetic (rendered by generator script)",4,128,128,.png,224,224,.png,-5,8,127,127,0.408752,ok,80.0,200.0
die5_0000.png,"set2 (jai), synthetic (rendered by generator script)",5,128,128,.png,224,224,.png,20,9,100,100,0.308655,ok,120.0,200.0
die5_0023.png,"set2 (jai), synthetic (rendered by generator script)",5,128,128,.png,224,224,.png,5,-16,136,136,0.401489,bbox_touches_border,110.0,200.0
die5_0024.png,"set2 (jai), synthetic (rendered by generator script)",5,128,128,.png,224,224,.png,-1,-10,148,148,0.509644,bbox_touches_border,154.0,200.0
die5_0028.png,"set2 (jai), synthetic (rendered by generator script)",5,128,128,.png,224,224,.png,-7,-3,138,138,0.449219,ok,171.0,199.0
die5_0037.png,"set2 (jai), synthetic (rendered by generator script)",5,128,128,.png,224,224,.png,11,13,107,107,0.303223,ok,94.0,200.0
die5_0039.png,"set2 (jai), synthetic (rendered by generator script)",5,128,128,.png,224,224,.png,-2,12,120,120,0.309753,ok,64.0,200.0
die5_0044.png,"set2 (jai), synthetic (rendered by generator script)",5,128,128,.png,224,224,.png,2,-3,116,116,0.374268,ok,167.0,200.0
die5_0058.png,"set2 (jai), synthetic (rendered by generator script)",5,128,128,.png,224,224,.png,-4,4,126,126,0.51947,ok,170.0,200.0
die5_0062.png,"set2 (jai), synthetic (rendered by generator script)",5,128,128,.png,224,224,.png,-10,-9,148,148,0.499146,ok,178.0,200.0
die5_0066.png,"set2 (jai), synthetic (rendered by generator script)",5,128,128,.png,224,224,.png,7,15,103,103,0.347473,ok,106.0,200.0
die5_0067.png,"set2 (jai), synthetic (rendered by generator script)",5,128,128,.png,224,224,.png,-16,4,142,142,0.502136,bbox_touches_border,166.0,200.0
die5_0071.png,"set2 (jai), synthetic (rendered by generator script)",5,128,128,.png,224,224,.png,-9,-9,118,118,0.45636,ok,79.0,200.0
die5_0082.png,"set2 (jai), synthetic (rendered by generator script)",5,128,128,.png,224,224,.png,-11,-5,148,148,0.475586,ok,180.0,200.0
die5_0086.png,"set2 (jai), synthetic (rendered by generator script)",5,128,128,.png,224,224,.png,0,10,120,120,0.324158,ok,101.0,200.0
die5_0093.png,"set2 (jai), synthetic (rendered by generator script)",5,128,128,.png,224,224,.png,-2,-12,135,135,0.447083,ok,132.0,200.0
die5_0095.png,"set2 (jai), synthetic (rendered by generator script)",5,128,128,.png,224,224,.png,-9,-8,134,134,0.418884,ok,81.0,200.0
die5_0101.png,"set2 (jai), synthetic (rendered by generator script)",5,128,128,.png,224,224,.png,-3,-13,146,146,0.480103,ok,158.0,200.0
die5_0105.png,"set2 (jai), synthetic (rendered by generator script)",5,128,128,.png,224,224,.png,0,15,109,109,0.35614,ok,129.0,200.0
die5_0109.png,"set2 (jai), synthetic (rendered by generator script)",5,128,128,.png,224,224,.png,-10,0,142,142,0.438782,ok,155.0,200.0
die5_0122.png,"set2 (jai), synthetic (rendered by generator script)",5,128,128,.png,224,224,.png,-16,-16,142,142,0.484497,bbox_touches_border,92.0,200.0
die5_0136.png,"set2 (jai), synthetic (rendered by generator script)",5,128,128,.png,224,224,.png,1,-5,125,125,0.354065,ok,120.0,200.0
die6_0006.png,"set2 (jai), synthetic (rendered by generator script)",6,128,128,.png,224,224,.png,16,16,98,98,0.310425,ok,139.0,200.0
die6_0009.png,"set2 (jai), synthetic (rendered by generator script)",6,128,128,.png,224,224,.png,-6,1,127,127,0.345154,ok,68.0,200.0
die6_0012.png,"set2 (jai), synthetic (rendered by generator script)",6,128,128,.png,224,224,.png,-16,-5,136,136,0.473694,bbox_touches_border,170.0,200.0
die6_0015.png,"set2 (jai), synthetic (rendered by generator script)",6,128,128,.png,224,224,.png,5,10,122,122,0.326599,ok,155.0,200.0
die6_0016.png,"set2 (jai), synthetic (rendered by generator script)",6,128,128,.png,224,224,.png,19,12,107,107,0.368225,ok,72.0,200.0
die6_0024.png,"set2 (jai), synthetic (rendered by generator script)",6,128,128,.png,224,224,.png,4,-6,143,143,0.442993,bbox_touches_border,135.0,200.0
die6_0029.png,"set2 (jai), synthetic (rendered by generator script)",6,128,128,.png,224,224,.png,-14,-6,153,153,0.508911,bbox_touches_border,153.0,200.0
die6_0044.png,"set2 (jai), synthetic (rendered by generator script)",6,128,128,.png,224,224,.png,-14,-11,153,153,0.505676,ok,129.0,200.0
die6_0046.png,"set2 (jai), synthetic (rendered by generator script)",6,128,128,.png,224,224,.png,-7,-16,136,136,0.439087,ok,122.0,200.0
die6_0047.png,"set2 (jai), synthetic (rendered by generator script)",6,128,128,.png,224,224,.png,-1,-8,118,118,0.406372,ok,91.0,200.0
die6_0070.png,"set2 (jai), synthetic (rendered by generator script)",6,128,128,.png,224,224,.png,18,6,108,108,0.312561,ok,138.0,200.0
die6_0072.png,"set2 (jai), synthetic (rendered by generator script)",6,128,128,.png,224,224,.png,-18,-17,144,144,0.51416,bbox_touches_border,82.0,200.0
die6_0088.png,"set2 (jai), synthetic (rendered by generator script)",6,128,128,.png,224,224,.png,6,3,112,112,0.384338,ok,150.0,200.0
die6_0091.png,"set2 (jai), synthetic (rendered by generator script)",6,128,128,.png,224,224,.png,22,21,104,104,0.34729,ok,91.0,200.0
die6_0096.png,"set2 (jai), synthetic (rendered by generator script)",6,128,128,.png,224,224,.png,9,1,122,122,0.333069,ok,224.0,200.0
die6_0100.png,"set2 (jai), synthetic (rendered by generator script)",6,128,128,.png,224,224,.png,-5,-1,122,122,0.327942,ok,74.0,200.0
die6_0106.png,"set2 (jai), synthetic (rendered by generator script)",6,128,128,.png,224,224,.png,-9,1,140,140,0.491211,ok,65.0,200.0
die6_0110.png,"set2 (jai), synthetic (rendered by generator script)",6,128,128,.png,224,224,.png,-5,-7,148,148,0.495239,ok,116.0,200.0
die6_0115.png,"set2 (jai), synthetic (rendered by generator script)",6,128,128,.png,224,224,.png,-2,-1,134,134,0.394775,ok,73.0,200.0
