filename,source,category,original_width,original_height,original_format,processed_width,processed_height,processed_format,bbox_x,bbox_y,bbox_w,bbox_h,mask_area_fraction,qc_flag,bg_level_before,bg_level_after
1_0.jpg,"set1 (bhuvan), phone camera",1,4080,3072,.jpg,224,224,.png,1650,1112,653,653,0.006043,ok,142.0,200.0
1_1.jpg,"set1 (bhuvan), phone camera",1,4080,3072,.jpg,224,224,.png,1323,1259,717,717,0.006134,ok,140.0,200.0
1_2.jpg,"set1 (bhuvan), phone camera",1,4080,3072,.jpg,224,224,.png,1817,1144,685,685,0.005959,ok,142.0,200.0
1_3.jpg,"set1 (bhuvan), phone camera",1,4080,3072,.jpg,224,224,.png,1689,1235,646,646,0.006035,ok,142.0,200.0
1_4.jpg,"set1 (bhuvan), phone camera",1,4080,3072,.jpg,224,224,.png,1307,1418,685,686,0.006105,ok,140.0,200.0
1_5.jpg,"set1 (bhuvan), phone camera",1,4080,3072,.jpg,224,224,.png,1279,996,701,701,0.006157,ok,140.0,200.0
1_6.jpg,"set1 (bhuvan), phone camera",1,4080,3072,.jpg,224,224,.png,1976,1402,694,694,0.006057,ok,141.0,200.0
1_7.jpg,"set1 (bhuvan), phone camera",1,4080,3072,.jpg,224,224,.png,1769,1287,566,566,0.006033,ok,141.0,200.0
1_8.jpg,"set1 (bhuvan), phone camera",1,4080,3072,.jpg,224,224,.png,1566,1327,621,621,0.006081,ok,140.0,200.0
1_9.jpg,"set1 (bhuvan), phone camera",1,4080,3072,.jpg,224,224,.png,1693,1036,670,669,0.005996,ok,141.0,200.0
2_0.jpg,"set1 (bhuvan), phone camera",2,4080,3072,.jpg,224,224,.png,1490,1052,717,717,0.006135,ok,141.0,200.0
2_1.jpg,"set1 (bhuvan), phone camera",2,4080,3072,.jpg,224,224,.png,1642,1235,573,574,0.006104,ok,141.0,200.0
2_2.jpg,"set1 (bhuvan), phone camera",2,4080,3072,.jpg,224,224,.png,1769,1084,725,725,0.006056,ok,141.0,200.0
2_3.jpg,"set1 (bhuvan), phone camera",2,4080,3072,.jpg,224,224,.png,1793,1426,693,694,0.006053,ok,142.0,200.0
2_4.jpg,"set1 (bhuvan), phone camera",2,4080,3072,.jpg,224,224,.png,1801,1251,566,566,0.006065,ok,143.0,200.0
2_5.jpg,"set1 (bhuvan), phone camera",2,4080,3072,.jpg,224,224,.png,1287,1104,733,733,0.006158,ok,141.0,200.0
2_6.jpg,"set1 (bhuvan), phone camera",2,4080,3072,.jpg,224,224,.png,1291,1418,709,710,0.006163,ok,140.0,200.0
2_7.jpg,"set1 (bhuvan), phone camera",2,4080,3072,.jpg,224,224,.png,1857,1422,733,734,0.006046,ok,147.0,200.0
2_8.jpg,"set1 (bhuvan), phone camera",2,4080,3072,.jpg,224,224,.png,1976,1040,733,733,0.006014,ok,143.0,200.0
2_9.jpg,"set1 (bhuvan), phone camera",2,4080,3072,.jpg,224,224,.png,1522,1112,733,733,0.006054,ok,142.0,200.0
3_0.jpg,"set1 (bhuvan), phone camera",3,4080,3072,.jpg,224,224,.png,1323,1163,733,734,0.006068,ok,141.0,200.0
3_1.jpg,"set1 (bhuvan), phone camera",3,4080,3072,.jpg,224,224,.png,1538,1355,582,581,0.006009,ok,142.0,200.0
3_2.jpg,"set1 (bhuvan), phone camera",3,4080,3072,.jpg,224,224,.png,1853,924,701,702,0.005948,ok,143.0,200.0
3_3.jpg,"set1 (bhuvan), phone camera",3,4080,3072,.jpg,224,224,.png,1725,1243,733,733,0.004072,ok,143.0,200.0
3_4.jpg,"set1 (bhuvan), phone camera",3,4080,3072,.jpg,224,224,.png,1506,1502,693,693,0.006028,ok,142.0,200.0
3_5.jpg,"set1 (bhuvan), phone camera",3,4080,3072,.jpg,224,224,.png,1351,1450,589,590,0.004212,ok,142.0,200.0
3_6.jpg,"set1 (bhuvan), phone camera",3,4080,3072,.jpg,224,224,.png,1347,1179,725,726,0.004142,ok,143.0,200.0
3_7.jpg,"set1 (bhuvan), phone camera",3,4080,3072,.jpg,224,224,.png,1745,936,558,558,0.004138,ok,145.0,200.0
3_8.jpg,"set1 (bhuvan), phone camera",3,4080,3072,.jpg,224,224,.png,1928,1052,734,733,0.00403,ok,144.0,200.0
3_9.jpg,"set1 (bhuvan), phone camera",3,4080,3072,.jpg,224,224,.png,2080,1546,621,622,0.004105,ok,150.0,200.0
4_0.jpg,"set1 (bhuvan), phone camera",4,4080,3072,.jpg,224,224,.png,1375,1060,701,701,0.006151,ok,143.0,200.0
4_1.jpg,"set1 (bhuvan), phone camera",4,4080,3072,.jpg,224,224,.png,1418,1379,638,637,0.006081,ok,142.0,200.0
4_2.jpg,"set1 (bhuvan), phone camera",4,4080,3072,.jpg,224,224,.png,1757,1251,574,574,0.005553,ok,144.0,200.0
4_3.jpg,"set1 (bhuvan), phone camera",4,4080,3072,.jpg,224,224,.png,1646,1191,733,733,0.005991,ok,143.0,200.0
4_4.jpg,"set1 (bhuvan), phone camera",4,4080,3072,.jpg,224,224,.png,2156,1434,589,590,0.006085,ok,143.0,200.0
4_5.jpg,"set1 (bhuvan), phone camera",4,4080,3072,.jpg,224,224,.png,2207,1036,678,677,0.005992,ok,147.0,200.0
4_6.jpg,"set1 (bhuvan), phone camera",4,4080,3072,.jpg,224,224,.png,1418,1124,670,669,0.006046,ok,143.0,200.0
4_7.jpg,"set1 (bhuvan), phone camera",4,4080,3072,.jpg,224,224,.png,1283,1530,622,622,0.006229,ok,142.0,200.0
4_8.jpg,"set1 (bhuvan), phone camera",4,4080,3072,.jpg,224,224,.png,1745,1538,566,566,0.006049,ok,143.0,200.0
4_9.jpg,"set1 (bhuvan), phone camera",4,4080,3072,.jpg,224,224,.png,1960,1410,725,726,0.006039,ok,143.0,200.0
5_0.jpg,"set1 (bhuvan), phone camera",5,4080,3072,.jpg,224,224,.png,1339,1068,637,637,0.004854,ok,143.0,200.0
5_1.jpg,"set1 (bhuvan), phone camera",5,4080,3072,.jpg,224,224,.png,1745,1307,574,574,0.005319,ok,144.0,200.0
5_2.jpg,"set1 (bhuvan), phone camera",5,4080,3072,.jpg,224,224,.png,1737,1482,662,662,0.004624,ok,148.0,200.0
5_3.jpg,"set1 (bhuvan), phone camera",5,4080,3072,.jpg,224,224,.png,2144,1243,589,590,0.005269,ok,140.0,200.0
5_4.jpg,"set1 (bhuvan), phone camera",5,4080,3072,.jpg,224,224,.png,1307,1410,709,710,0.005491,ok,138.0,200.0
5_5.jpg,"set1 (bhuvan), phone camera",5,4080,3072,.jpg,224,224,.png,1650,877,725,725,0.005321,ok,140.0,200.0
5_6.jpg,"set1 (bhuvan), phone camera",5,4080,3072,.jpg,224,224,.png,2160,1155,613,614,0.004721,ok,140.0,200.0
5_7.jpg,"set1 (bhuvan), phone camera",5,4080,3072,.jpg,224,224,.png,2112,1490,653,654,0.005327,ok,140.0,200.0
5_8.jpg,"set1 (bhuvan), phone camera",5,4080,3072,.jpg,224,224,.png,1753,1546,614,614,0.004724,ok,140.0,200.0
5_9.jpg,"set1 (bhuvan), phone camera",5,4080,3072,.jpg,224,224,.png,1331,1546,581,582,0.005391,ok,138.0,200.0
6_0.jpg,"set1 (bhuvan), phone camera",6,4080,3072,.jpg,224,224,.png,1777,1271,566,566,0.004768,ok,141.0,200.0
6_1.jpg,"set1 (bhuvan), phone camera",6,4080,3072,.jpg,224,224,.png,1697,1315,646,645,0.004833,ok,140.0,200.0
6_2.jpg,"set1 (bhuvan), phone camera",6,4080,3072,.jpg,224,224,.png,1785,1267,566,566,0.004788,ok,140.0,200.0
6_3.jpg,"set1 (bhuvan), phone camera",6,4080,3072,.jpg,224,224,.png,1387,1339,693,693,0.004489,ok,139.0,200.0
6_4.jpg,"set1 (bhuvan), phone camera",6,4080,3072,.jpg,224,224,.png,1450,988,566,566,0.004847,ok,139.0,200.0
6_5.jpg,"set1 (bhuvan), phone camera",6,4080,3072,.jpg,224,224,.png,2168,984,693,693,0.004865,ok,140.0,200.0
6_6.jpg,"set1 (bhuvan), phone camera",6,4080,3072,.jpg,224,224,.png,2024,1399,638,637,0.004863,ok,140.0,200.0
6_7.jpg,"set1 (bhuvan), phone camera",6,4080,3072,.jpg,224,224,.png,1713,1498,654,654,0.004409,ok,139.0,200.0
6_8.jpg,"set1 (bhuvan), phone camera",6,4080,3072,.jpg,224,224,.png,1347,1470,693,694,0.004756,ok,138.0,200.0
6_9.jpg,"set1 (bhuvan), phone camera",6,4080,3072,.jpg,224,224,.png,2008,936,693,694,0.004802,ok,140.0,200.0
